{
    "camera_D": [0.5943896770477295, -2.7359659671783447, 0.0011410595616325736, 
                -0.0003795399679802358, 1.5513455867767334, 0.47128504514694214, 
                -2.5611841678619385, 1.4797307252883911],
    "camera_K": [599.8486328125, 0.0, 636.459716796875, 
                0.0, 599.8443603515625, 367.57421875, 
                0.0, 0.0, 1.0],
    "marker_size": 0.1,
    "marker_type": "DICT_4X4_50",
    "marker_id": 0,
    "width": 1280,
    "height": 720
}